Ka,Korean
Kah,Korean
Kha,Korean
Kan,Korean
Khan,Korean
Kahn,Korean
Kal,Korean
Gar,Korean
Kam,Korean
Kahm,Korean
Kang,Korean
Kang,Korean
Khang,Korean
Kahng,Korean
Kwang,Korean
Ghang,Korean
Kyŏn,Korean
Kyun,Korean
Kyeon,Korean
Kyoun,Korean
Gyun,Korean
Kyŏng,Korean
Kyung,Korean
Kyoung,Korean
Geong,Korean
Guong,Korean
Kye,Korean
Kae,Korean
Kay,Korean
Keh,Korean
Key,Korean
Ko,Korean
Koh,Korean
Goh,Korean
Kho,Korean
Gho,Korean
Kok,Korean
Kong,Korean
Kohng,Korean
Ghong,Korean
Con,Korean
Gohng,Korean
Kwak,Korean
Kwag,Korean
Kwack,Korean
Gwag,Korean
Koak,Korean
Kwan,Korean
Kyo,Korean
Ku,Korean
Koo,Korean
Goo,Korean
Kuh,Korean
Kou,Korean
Kuk,Korean
Kook,Korean
Gook,Korean
Kug,Korean
Cook,Korean
Kung,Korean
Koong,Korean
Goong,Korean
Kwŏk,Korean
Kwok,Korean
Kweok,Korean
Kwŏn,Korean
Kwon,Korean
Kweon,Korean
Kwun,Korean
Gweon,Korean
Kŭn,Korean
Keun,Korean
Kŭm,Korean
Keum,Korean
Kum,Korean
Gum,Korean
Kuem,Korean
Ki,Korean
Kee,Korean
Key,Korean
Kie,Korean
Kih,Korean
Gee,Korean
Kil,Korean
Gill,Korean
Gihl,Korean
Khil,Korean
Keel,Korean
Kim,Korean
Ghim,Korean
Kin,Korean
Na,Korean
Ra,Korean
La,Korean
Nah,Korean
Rha,Korean
Nan,Korean
An,Korean
Nam,Korean
Nahm,Korean
Nham,Korean
Nan,Korean
Lam,Korean
Narm,Korean
Namgung,Korean
Namkung,Korean
Namkoong,Korean
Namgoong,Korean
Namgoung,Korean
Nang,Korean
Lang,Korean
Nae,Korean
No,Korean
Noh,Korean
Roh,Korean
Ro,Korean
Rho,Korean
Noe,Korean
Noi,Korean
Lei,Korean
Ta,Korean
Tan,Korean
Dahn,Korean
Tam,Korean
Tan,Korean
Tang,Korean
Tae,Korean
Dai,Korean
Dea,Korean
To,Korean
Doh,Korean
Dho,Korean
Doe,Korean
Toh,Korean
Tok,Korean
Tokko,Korean
Dokko,Korean
Dockko,Korean
Dogko,Korean
Dockgo,Korean
Dohkgoh,Korean
Ton,Korean
Tong,Korean
Dhong,Korean
Doung,Korean
Tongbang,Korean
Tu,Korean
Doo,Korean
Do,Korean
Dou,Korean
Dow,Korean
Tŭng,Korean
Tŭngjŏng,Korean
Ra,Korean
Na,Korean
La,Korean
Rha,Korean
Rah,Korean
Ran,Korean
Rang,Korean
Ryŏ,Korean
Ro,Korean
Roe,Korean
Ryu,Korean
Yoo,Korean
Ryoo,Korean
Yu,Korean
You,Korean
Ri,Korean
Rim,Korean
Ma,Korean
Mah,Korean
Mar,Korean
Mach,Korean
Mha,Korean
Man,Korean
Mahn,Korean
Mhan,Korean
Mangjŏl,Korean
Mangjul,Korean
Mae,Korean
Mai,Korean
Mea,Korean
Mei,Korean
Maeng,Korean
Meang,Korean
Mang,Korean
Maing,Korean
Meng,Korean
Meing,Korean
Myŏng,Korean
Myung,Korean
Myoung,Korean
Myong,Korean
Moung,Korean
Mo,Korean
Moh,Korean
Mho,Korean
Moo,Korean
Moe,Korean
Mok,Korean
Mock,Korean
Mog,Korean
Mook,Korean
Mork,Korean
Myo,Korean
Mu,Korean
Mubon,Korean
Muk,Korean
Mook,Korean
Mok,Korean
Mun,Korean
Moon,Korean
Mon,Korean
Moun,Korean
Muhn,Korean
Mi,Korean
Mee,Korean
Min,Korean
Minn,Korean
Mihn,Korean
Meen,Korean
Mheen,Korean
Pak,Korean
Park,Korean
Pack,Korean
Bark,Korean
Bag,Korean
Papk,Korean
Pan,Korean
Bahn,Korean
Van,Korean
Bhan,Korean
Barn,Korean
Pang,Korean
Bhang,Korean
Bahng,Korean
Barng,Korean
Baang,Korean
Pae,Korean
Bea,Korean
Bai,Korean
Pai,Korean
Be,Korean
Paek,Korean
Back,Korean
Baik,Korean
Paik,Korean
Beak,Korean
Pŏn,Korean
Pŏm,Korean
Bum,Korean
Buhm,Korean
Beum,Korean
Bom,Korean
Pyŏn,Korean
Byun,Korean
Byon,Korean
Byoun,Korean
Pyun,Korean
Po,Korean
Pok,Korean
Bog,Korean
Bock,Korean
Pock,Korean
Boc,Korean
Pong,Korean
Pu,Korean
Boo,Korean
Poo,Korean
Vu,Korean
Booh,Korean
Pi,Korean
Vy,Korean
Vi,Korean
Bie,Korean
Bee,Korean
Pin,Korean
Been,Korean
Bhin,Korean
Bean,Korean
Vin,Korean
Ping,Korean
Sa,Korean
Sha,Korean
Sah,Korean
Sagong,Korean
Sakong,Korean
Shakong,Korean
Sagoung,Korean
San,Korean
Sam,Korean
Sang,Korean
Shang,Korean
Sahng,Korean
Sŏ,Korean
Suh,Korean
Su,Korean
Sur,Korean
So,Korean
Sŏmun,Korean
Seomoon,Korean
Suhmoon,Korean
Seamoon,Korean
Sumoon,Korean
Seog,Korean
Sok,Korean
Suck,Korean
Son,Korean
Shun,Korean
Sen,Korean
Seonwoo,Korean
Sonu,Korean
Sunoo,Korean
Seul,Korean
Sol,Korean
Sel,Korean
Sub,Korean
Soung,Korean
Seoung,Korean
Seung,Korean
Sho,Korean
Soo,Korean
Seo,Korean
Shon,Korean
Sun,Korean
Soun,Korean
Shong,Korean
Sohng,Korean
Sung,Korean
Su,Korean
Sun,Korean
Seoung,Korean
Seong,Korean
Sheung,Korean
See,Korean
Sea,Korean
Sheen,Korean
Sihn,Korean
Shinn,Korean
Sym,Korean
Seem,Korean
Sem,Korean
A,Korean
Ann,Korean
Anh,Korean
Ane,Korean
Ae,Korean
Ya,Korean
Yaung,Korean
Young,Korean
Yahng,Korean
Eoh,Korean
Auh,Korean
Eu,Korean
Eum,Korean
Uhm,Korean
Aum,Korean
Yo,Korean
Yu,Korean
Yea,Korean
Yun,Korean
Yon,Korean
Yeun,Korean
Youm,Korean
Yeum,Korean
Yom,Korean
Yup,Korean
Yop,Korean
Youb,Korean
Yŏng,Korean
Yae,Korean
Yeh,Korean
Yee,Korean
Ou,Korean
Ohe,Korean
Oe,Korean
Og,Korean
Ohk,Korean
Oak,Korean
Eon,Korean
Onn,Korean
Own,Korean
Ohong,Korean
Wan,Korean
Woang,Korean
Ywang,Korean
Yang,Korean
Yo,Korean
Lyong,Korean
Yung,Korean
Ryong,Korean
Wu,Korean
Wo,Korean
Ou,Korean
Un,Korean
Woon,Korean
One,Korean
Wone,Korean
We,Korean
Wie,Korean
Wei,Korean
You,Korean
Ryu,Korean
Ryoo,Korean
Youk,Korean
Yug,Korean
Yuck,Korean
Youn,Korean
Yune,Korean
Yeun,Korean
En,Korean
Een,Korean
Uhan,Korean
Em,Korean
Yum,Korean
Ehum,Korean
Yin,Korean
Inn,Korean
Leen,Korean
Yim,Korean
Rim,Korean
Leem,Korean
Cha,Korean
Zhang,Korean
Jahng,Korean
Zang,Korean
Chun,Korean
Chon,Korean
Jeun,Korean
Chŏm,Korean
Chung,Korean
Joung,Korean
Chong,Korean
Jea,Korean
Jeh,Korean
Jye,Korean
Jaegal,Korean
Jaekal,Korean
Jeagal,Korean
Joh,Korean
Jho,Korean
Jou,Korean
Chong,Korean
Choa,Korean
Chua,Korean
Jua,Korean
Choo,Korean
Jou,Korean
Zoo,Korean
Gi,Korean
Gee,Korean
Chee,Korean
Jean,Korean
Gin,Korean
Chen,Korean
Tcha,Korean
Tchah,Korean
Chah,Korean
Ch'ang,Korean
Che,Korean
Chea,Korean
Cha,Korean
Chon,Korean
Chen,Korean
Choun,Korean
Ch'o,Korean
Ch'ong,Korean
Choy,Korean
Che,Korean
Chai,Korean
Chou,Korean
Cho,Korean
Chue,Korean
Tag,Korean
Tack,Korean
Tahk,Korean
T'ang,Korean
Tea,Korean
Te,Korean
P'an,Korean
Peang,Korean
Pang,Korean
Peng,Korean
Pyon,Korean
Pyoun,Korean
Pyen,Korean
Pyoung,Korean
Pyong,Korean
P'o,Korean
Poy,Korean
Peo,Korean
Pho,Korean
Phee,Korean
Phi,Korean
Pe,Korean
Fil,Korean
Har,Korean
Hwa,Korean
Haa,Korean
Hak,Korean
Hann,Korean
Haan,Korean
Khan,Korean
Harm,Korean
Hamm,Korean
Haam,Korean
Hae,Korean
Huh,Korean
Her,Korean
Hu,Korean
Hyon,Korean
Hyoun,Korean
Hyen,Korean
Hyoung,Korean
Hyong,Korean
Hung,Korean
Ho,Korean
Heung,Korean
Heong,Korean
Whong,Korean
Hoa,Korean
Hoang,Korean
Huang,Korean
Hang,Korean
Hwangmok,Korean
Hoangbo,Korean
Hwangpo,Korean
Whoangbo,Korean
Gha,Korean
Kann,Korean
Karl,Korean
Gahm,Korean
Kaing,Korean
Kyon,Korean
Gyeng,Korean
Gae,Korean
Koo,Korean
Koock,Korean
Goung,Korean
Koag,Korean
Khu,Korean
Koog,Korean
Koung,Korean
Kwoc,Korean
Kwan,Korean
Gun,Korean
Guem,Korean
Kill,Korean
Rah,Korean
Namkoung,Korean
Nho,Korean
Dhan,Korean
Dhang,Korean
Doo,Korean
Nah,Korean
Lyu,Korean
Myoeng,Korean
Meo,Korean
Mouk,Korean
Moog,Korean
Moom,Korean
Mean,Korean
Pahn,Korean
Fang,Korean
Bay,Korean
Baeg,Korean
Burm,Korean
Byen,Korean
Bouk,Korean
Vong,Korean
Buh,Korean
Bihn,Korean
Sar,Korean
Sagung,Korean
Sarng,Korean
Sea,Korean
Semun,Korean
Seuk,Korean
Suhn,Korean
Sunu,Korean
Seal,Korean
Sup,Korean
Song,Korean
Sou,Korean
Soon,Korean
Seung,Korean
Soeung,Korean
Se,Korean
Synn,Korean
Sihm,Korean
Aun,Korean
Yhang,Korean
Au,Korean
Om,Korean
Yeu,Korean
Yeoun,Korean
Yeoum,Korean
Yeb,Korean
Yei,Korean
Olh,Korean
Ouk,Korean
Yon,Korean
Ung,Korean
Whyang,Korean
Yeong,Korean
Uh,Korean
Woun,Korean
Wui,Korean
Lyu,Korean
Ryuk,Korean
Yon,Korean
Eyn,Korean
Ng,Korean
Lin,Korean
Rhim,Korean
Jaung,Korean
Cheon,Korean
Cheong,Korean
Jee,Korean
Jeakal,Korean
Zo,Korean
Chaw,Korean
Zhu,Korean
Jie,Korean
Jeen,Korean
Tscha,Korean
Choi,Korean
Cheun,Korean
Chae,Korean
Chew,Korean
Thak,Korean
Thae,Korean
Phang,Korean
Pyeun,Korean
Pyeoung,Korean
Pou,Korean
Poung,Korean
Phie,Korean
Peel,Korean
Hagh,Korean
Hwan,Korean
Hwam,Korean
Ho,Korean
Hyeun,Korean
Houng,Korean
Hohng,Korean
Hua,Korean
Hawng,Korean
Howangbo,Korean
Sŏk,Korean
Suk,Korean
Sŏn,Korean
Sun,Korean
Sŏnu,Korean
Sunwoo,Korean
Sŏl,Korean
Sul,Korean
Sŏp,Korean
Seoub,Korean
Sŏng,Korean
Sung,Korean
So,Korean
Soh,Korean
Son,Korean
Sohn,Korean
Song,Korean
Soung,Korean
Sŭng,Korean
Sung,Korean
Si,Korean
Shi,Korean
Sin,Korean
Shin,Korean
Sim,Korean
Shim,Korean
An,Korean
Ahn,Korean
Yang,Korean
Ryang,Korean
Ŏ,Korean
Uh,Korean
Ŏgŭm,Korean
Eokum,Korean
Eokeum,Korean
Akeum,Korean
Uhkum,Korean
Ŏm,Korean
Um,Korean
Yŏ,Korean
Yuh,Korean
Yŏn,Korean
Youn,Korean
Yŏm,Korean
Yum,Korean
Yŏp,Korean
Yub,Korean
Ye,Korean
Yea,Korean
O,Korean
Oh,Korean
Ok,Korean
Ock,Korean
On,Korean
Ohn,Korean
Ong,Korean
Ohng,Korean
Wang,Korean
Whang,Korean
Yong,Korean
Young,Korean
U,Korean
Woo,Korean
Wŏn,Korean
Weon,Korean
Wi,Korean
Wee,Korean
Yu,Korean
Yoo,Korean
Yuk,Korean
Yook,Korean
Yun,Korean
Yoon,Korean
Ŭn,Korean
Un,Korean
Ŭm,Korean
Um,Korean
I,Korean
Lee,Korean
Yi,Korean
Rhee,Korean
Yee,Korean
Rhie,Korean
In,Korean
Ihn,Korean
Im,Korean
Lim,Korean
Chang,Korean
Jhang,Korean
Chŏn,Korean
Jun,Korean
Chŏng,Korean
Jung,Korean
Che,Korean
Jae,Korean
Chegal,Korean
Jekal,Korean
Cho,Korean
Joe,Korean
Chwa,Korean
Joa,Korean
Chu,Korean
Joo,Korean
Chŭng,Korean
Zeng,Korean
Tsang,Korean
Duong,Korean
Tseng,Korean
Cheng,Korean
Chi,Korean
Jee,Korean
Chin,Korean
Jhin,Korean
Ch'a,Korean
Char,Korean
Ch'ae,Korean
Chai,Korean
Ch'ŏn,Korean
Chun,Korean
Ch'oe,Korean
Choi,Korean
Ch'u,Korean
Choo,Korean
T'ak,Korean
Tark,Korean
T'an,Korean
Than,Korean
Tahn,Korean
Tran,Korean
T'ae,Korean
Tai,Korean
P'aeng,Korean
Paing,Korean
P'yŏn,Korean
Pyun,Korean
P'yŏng,Korean
Pyung,Korean
P'yo,Korean
Phyo,Korean
P'ung,Korean
Poong,Korean
P'i,Korean
Pee,Korean
P'il,Korean
Phil,Korean
Ha,Korean
Hah,Korean
Han,Korean
Hahn,Korean
Ham,Korean
Hahm,Korean
Hŏ,Korean
Hur,Korean
Hyŏn,Korean
Hyun,Korean
Hyŏng,Korean
Hyung,Korean
Hong,Korean
Houng,Korean
Hwa,Korean
Wha,Korean
Hwang,Korean
Whang,Korean
Hwangbo,Korean
Whangbo,Korean
Hu,Korean
Hou,Korean
Hoo,Korean
Hong,Korean
Who,Korean
Huu,Korean
Henan,Chinese
Shandong,Chinese
Guangdong,Chinese
Sichuan,Chinese
Hunan,Chinese
Jiangsu,Chinese
Hubei,Chinese
Anhui,Chinese
Guangxi,Chinese
Zhejiang,Chinese
Jiangxi,Chinese
Hebei,Chinese
Taiwan,Chinese
Shanxi,Chinese
Inner Mongolia,Chinese
Hainan,Chinese
Fujian,Chinese
Chongqing,Chinese
Shaanxi,Chinese
Guizhou,Chinese
Liaoning,Chinese
Ningxia,Chinese
Jilin,Chinese
Yunnan,Chinese
Gansu,Chinese
Qinghai,Chinese
Lǐ,Chinese
Wáng,Chinese
Zhāng,Chinese
Liú,Chinese
Chén,Chinese
Yáng,Chinese
Zhào,Chinese
Huáng,Chinese
Zhōu,Chinese
Wú,Chinese
Xú,Chinese
Sūn,Chinese
Hú,Chinese
Zhū,Chinese
Gāo,Chinese
Lín,Chinese
Hé,Chinese
Guō,Chinese
Mǎ,Chinese
Luó,Chinese
Liáng,Chinese
Sòng,Chinese
Zhèng,Chinese
Xiè,Chinese
Hán,Chinese
Táng,Chinese
Féng,Chinese
Yú,Chinese
Dǒng,Chinese
Xiāo,Chinese
Chéng,Chinese
Cáo,Chinese
Yuán,Chinese
Dèng,Chinese
Xǔ,Chinese
Fù,Chinese
Shěn,Chinese
Zēng,Chinese
Péng,Chinese
Lǚ,Chinese
Sū,Chinese
Lú,Chinese
Jiǎng,Chinese
Cài,Chinese
Jiǎ,Chinese
Dīng,Chinese
Wèi,Chinese
Xuē,Chinese
Yè,Chinese
Yán,Chinese
Yú,Chinese
Pān,Chinese
Dù,Chinese
Dài,Chinese
Xià,Chinese
Zhōng,Chinese
Wāng,Chinese
Tián,Chinese
Rén,Chinese
Jiāng,Chinese
Fàn,Chinese
Fāng,Chinese
Shí,Chinese
Yáo,Chinese
Tán,Chinese
Shèng,Chinese
Zōu,Chinese
Xióng,Chinese
Jīn,Chinese
Lù,Chinese
Hǎo,Chinese
Kǒng,Chinese
Bái,Chinese
Cuī,Chinese
Kāng,Chinese
Máo,Chinese
Qiū,Chinese
Qín,Chinese
Jiāng,Chinese
Shǐ,Chinese
Gù,Chinese
Hóu,Chinese
Shào,Chinese
Mèng,Chinese
Lóng,Chinese
Wàn,Chinese
Duàn,Chinese
Zhāng,Chinese
Qián,Chinese
Tāng,Chinese
Yǐn,Chinese
Lí,Chinese
Yì,Chinese
Cháng,Chinese
Wǔ,Chinese
Qiáo,Chinese
Hè,Chinese
Lài,Chinese
Gōng,Chinese
Wén,Chinese
